WKT,ID,目撃痕跡種別,出没年,出没日,時刻,市町名,場所,備考,頭数,集落,集落コード,500mメッシュコード,緯度,経度,大量出没年に特有の出没
POINT (136.65595 36.52515),558.0,目撃,R2,R2.4.7,5時18分頃,金沢市,金沢市山科町地内,山科町地内でクマ2頭を目撃,2,山科町,1.720101063E9,5.43665321E8,36.52515,136.65595,1.0
POINT (136.83712 36.89817),559.0,目撃,R2,R2.4.16,8時00分頃,羽咋市,羽咋市上白瀬町地内,上白瀬町民家より500ｍ離れた白石川上流付近でクマ１頭を目撃,1,上白瀬,1.720702004E9,5.53626764E8,36.89817,136.83712,1.0
POINT (137.05236 37.09492),569.0,目撃,R2,R2.5.14,6時30分頃,七尾市,七尾市鵜浦町川尻地内,岬下の岩場に熊１頭（約1.3m）発見、その後、岬の奥の山に逃げた。,1,鵜浦,1.720204001E9,5.53750141E8,37.09492,137.05236,1.0
POINT (137.04453 37.04754),571.0,目撃,R2,R2.5.15,6時25分頃,七尾市,七尾市庵町地内,国道１６０号線シラヤマ工業前を横断していた熊（約1m）１頭の目撃情報,1,庵,1.720203006E9,5.53740534E8,37.04754,137.04453,1.0
POINT (136.51446 36.39158),572.0,目撃,R2,R2.5.16,6時15分頃,小松市,小松市軽海町地内,滓上神社南付近でクマ成獣1頭目撃;パトロール（市職員2名）周辺を確認したが痕跡なし,1,軽海町,1.720308002E9,5.43644613E8,36.39158,136.51446,1.0
POINT (136.78588 36.65554),575.0,目撃,R2,R2.5.18,10時00分頃,津幡町,津幡町上藤又地内,車で通りかかったところ、斜面を駆け上がっていった。,1,上藤又,1.736105028E9,5.43676824E8,36.65554,136.78588,1.0
POINT (136.50629 36.34688),587.0,目撃,R2,R2.5.24,18時22分頃,小松市,小松市金平町,十二ヶ滝より300ｍ北側付近で成獣1頭を目撃;パトロール（市職員2名、捕獲隊2名）;周辺を確認したが痕跡なし,1,金平町,1.720306001E9,5.43644104E8,36.34688,136.50629,1.0
POINT (136.48634 36.39423),589.0,目撃,R2,R2.5.25,8時05分頃,小松市,小松市若杉町,やわたメディカルセンター職員専用駐車場付近で成獣1頭を目撃;パトロール（市職員2名、捕獲隊2名、警察4名、消防2名）;周辺を確認したが痕跡なし,1,若杉町,1.720301038E9,5.43643782E8,36.39423,136.48634,1.0
POINT (136.63274 36.34386),595.0,目撃,R2,R2.5.25,18時40分頃,白山市,白山市吉野地内,吉野地内でクマを目撃,1,上吉野,1.721023002E9,5.43645102E8,36.34386,136.63274,1.0
POINT (136.80994 36.73871),601.0,目撃,R2,R2.5.29,14時16分頃,津幡町,津幡町木ノ窪地内,イノシシ用の檻に入っていて、脱出口より抜け出して山に戻るところを目撃,1,木窪,1.736108006E9,5.53606844E8,36.73871,136.80994,1.0
POINT (136.58483 36.33532),603.0,目撃,R2,R2.5.29,16時30分頃,白山市,白山市柳原町地内,柳原町〜相滝町間の道路で子グマを目撃,1,柳原,1.72102402E9,5.43644062E8,36.33532,136.58483,1.0
POINT (136.75577 36.85228),606.0,目撃,R2,R2.5.31,5時40分頃,宝達志水町,宝達志水町敷浪地内,海岸出入り口付近にて、体長約１ｍほどのクマを目撃が警察署にあり、役場に連絡があった。クマは、南側の藪の中へ入っていった。,1,敷浪,1.738602001E9,5.53626201E8,36.85228,136.75577,1.0
POINT (136.53903 36.40163),628.0,目撃,R2,R2.6.3,18時00分頃,小松市,小松市鵜川町,里山みらい館手前、農道付近で成獣1頭を目撃;パトロール（市職員2名、捕獲隊2名）;周辺を確認し痕跡あり,1,鵜川町,1.720309015E9,5.43644831E8,36.40163,136.53903,1.0
POINT (136.5159 36.39259),636.0,目撃,R2,R2.6.5,14時45分頃,小松市,小松市中海町,滓上神社付近で成獣1頭、幼獣1頭を目撃;パトロール（市職員4名、捕獲隊2名、警察1名）;周辺を確認し痕跡あり,2,中海町,1.720308003E9,5.43644711E8,36.39259,136.5159,1.0
POINT (136.774099 36.84564),647.0,目撃,R2,R2.6.11,18時46分頃,宝達志水町,宝達志水町宿地内,宿交差点の付近でクマ１頭（約１ｍ）を目撃;子グマのように見え、国道１５９号よりも山側の田の中にいた。,1,宿,1.738607001E9,5.53626112E8,36.84564,136.774099,1.0
POINT (136.62424 36.34148),649.0,目撃,R2,R2.6.12,17時00分頃,白山市,白山市下吉谷町地内,下吉谷町地内の山側で子グマを目撃,1,下吉谷,1.721024024E9,5.43644094E8,36.34148,136.62424,1.0
POINT (136.76523 36.88483),652.0,目撃,R2,R2.6.14,7時06分頃,羽咋市,羽咋市千里浜町地内,１頭（約80cm）、羽咋市千里浜町地内にクマを目撃。その後、林の中に入る。,1,千里浜,1.720709001E9,5.53626611E8,36.88483,136.76523,1.0
POINT (136.76568 36.88473),653.0,目撃,R2,R2.6.14,15時00分頃,羽咋市,羽咋市千里浜町地内,１頭（約80cm）、羽咋市千里浜町地内にクマを目撃。その後、林の中に入る。,1,千里浜,1.720709001E9,5.53626611E8,36.88473,136.76568,1.0
POINT (136.76806 36.88369),654.0,目撃,R2,R2.6.15,6時15分頃,羽咋市,羽咋市千里浜町地内,のと里山海道千里浜インター付近でクマ1頭を目撃,1,千里浜,1.720709001E9,5.53626611E8,36.88369,136.76806,1.0
POINT (136.77498 36.8814),655.0,目撃,R2,R2.6.15,10時15分頃,羽咋市,羽咋市兵庫町と粟生町の境,国道249号線から海側へ200ｍ付近のヤブの中でクマ１頭を目撃,1,兵庫,1.720703003E9,5.53626514E8,36.8814,136.77498,1.0
POINT (136.77598 36.88006),656.0,目撃,R2,R2.6.15,16時15分頃,羽咋市,羽咋市粟生町地内,粟生町地内の宿泊施設付近から国道249号線を横断するクマ１頭を目撃,1,粟生,1.720703002E9,5.53626523E8,36.88006,136.77598,1.0
POINT (136.62491 36.19802),663.0,目撃,R2,R2.6.18,7時00分頃,白山市,白山市桑島地内,桑島地内の山側で子グマ１頭を目撃,1,桑島,1.721026006E9,5.43624394E8,36.19802,136.62491,1.0
POINT (136.89874 37.33116),664.0,目撃,R2,R2.6.18,9時10分頃,輪島市,輪島市三井町本江地内,熊野トンネル出口から約200ｍ先のＴ字路付近を横切る子グマを目撃,1,本江・渡合,1.720408012E9,5.53677914E8,37.33116,136.89874,1.0
POINT (136.5288 36.32711),667.0,目撃,R2,R2.6.18,17時35分頃,小松市,小松市岩上町,岩上新橋付近でクマ成獣1頭を目撃;パトロール（市職員1名、捕獲隊2名、警察官1名）;周辺を確認し痕跡あり,1,岩上町,1.720310008E9,5.43634921E8,36.32711,136.5288,1.0
POINT (136.52388 36.40565),668.0,目撃,R2,R2.6.19,16時40分頃,小松市,小松市里川町,市道付近でクマ成獣1頭を目撃;パトロール（市職員2名、捕獲隊1名、警察官1名）;周辺を確認し痕跡あり,1,里川町,1.720309003E9,5.43644814E8,36.40565,136.52388,1.0
POINT (136.7025769 36.6279),676.0,目撃,R2,R2.6.23,6時15分頃,金沢市,金沢市今町地内,クマ1頭が今町インターチェンジ付近から線路方面に移動するのを目撃,1,今町,1.720111003E9,5.43675561E8,36.6279,136.7025769,1.0
POINT (136.47385 36.34523),678.0,目撃,R2,R2.6.23,10時45分頃,小松市,小松市波佐谷町,市道木場波佐谷線ため池付近でクマ成獣1頭幼獣2頭を目撃;パトロール（市職員2名、捕獲隊1名）;周辺を確認し痕跡なし,1,波佐谷町,1.720305002E9,5.43643172E8,36.34523,136.47385,1.0
POINT (136.80967 36.67283),683.0,目撃,R2,R2.6.24,14時30分頃,津幡町,津幡町九折地内,道路を横切って線路を渡って山の中に消えるのを目撃,1,九折,1.736105008E9,5.53606044E8,36.67283,136.80967,1.0
POINT (136.64367 36.27338),687.0,目撃,R2,R2.6.27,12時40分頃,白山市,白山市東二口地内,東二口地内にある白山ふもと会の事務所周辺でクマ１頭を目撃,1,東二口,1.721025002E9,5.43635213E8,36.27338,136.64367,1.0
POINT (137.0457 36.99386),688.0,目撃,R2,R2.6.27,18時15分頃,七尾市,七尾市佐々波町地内,能越道50.5�q付近（佐々波町）で子熊１頭の目撃情報があった。,1,佐々波,1.72020301E9,5.53730932E8,36.99386,137.0457,1.0
POINT (136.85923 36.86329),690.0,目撃,R2,R2.6.29,10時10分頃,宝達志水町,宝達志水町清水原地内,一般県道氷見・志雄線沿いバス停付近にて子グマ１頭を目撃;クマは羽咋方面の山の中へ入って行った。,1,清水原,1.73860102E9,5.53626384E8,36.86329,136.85923,1.0
POINT (136.5347 36.40178),699.0,目撃,R2,R2.7.5,9時55分頃,小松市,小松市鵜川町,墓地付近でクマ成獣1頭を目撃;パトロール（市職員2名、捕獲隊2名）;周辺を確認し痕跡あり,1,鵜川町,1.720309015E9,5.43644822E8,36.40178,136.5347,1.0
POINT (136.53532 36.38366),700.0,目撃,R2,R2.7.5,15時30分頃,小松市,小松市原町,白山町神社付近でクマ成獣1頭を目撃;パトロール（市職員2名、捕獲隊1名、警察1名）;周辺を確認し痕跡あり,1,原町,1.720308006E9,5.43644622E8,36.38366,136.53532,1.0
POINT (136.717401 36.575094),702.0,目撃,R2,R2.7.6,14時00分頃,金沢市,金沢市夕日寺町地内,道路付近でクマによる人身被害,1,夕日寺町,1.720101009E9,5.43665971E8,36.575094,136.717401,1.0
POINT (136.61366 36.31738),706.0,目撃,R2,R2.7.9,21時30分頃,白山市,白山市左礫町地内,左礫町地内にある左礫大橋周辺でクマ１頭を目撃,1,左礫,1.721024015E9,5.43634891E8,36.31738,136.61366,1.0
POINT (136.83258 36.8479),733.0,目撃,R2,R2.7.23,7時40分頃,宝達志水町,宝達志水町所司原地内,所司原地内にて、クマ１頭を目撃。;クマは山の中へ入っていった。,1,所司原,1.738601022E9,5.53626164E8,36.8479,136.83258,1.0
POINT (136.7253 36.70228),750.0,目撃,R2,R2.8.3,21時05分頃,かほく市,かほく市多田地内,河北縦断道路（上山田〜多田）で発見,1,多田,1.720904003E9,5.53605481E8,36.70228,136.7253,1.0
POINT (137.02575 37.12616),755.0,目撃,R2,R2.8.10,12時45分頃,七尾市,七尾市能登島野崎町地内,農道（ため池付近）で体長約60�pのクマ１頭を目撃,1,野崎,1.720215005E9,5.53750521E8,37.12616,137.02575,1.0
POINT (136.53308 36.40157),759.0,目撃,R2,R2.8.20,6時40分頃,小松市,小松市鵜川町,墓地付近でクマ成獣1頭を目撃;パトロール（市職員2名、捕獲隊1名）;周辺を確認し痕跡あり,1,鵜川町,1.720309015E9,5.43644822E8,36.40157,136.53308,1.0
POINT (137.11416 37.38707),760.0,目撃,R2,R2.8.20,10時00分頃,能登町,能登町字小間生地内,自宅から道路を挟んだ向こう側の道から40�p〜50�p程度の１頭の子熊らしき獣を目撃,1,小間生,1.746306012E9,5.63700691E8,37.38707,137.11416,1.0
POINT (136.32804 36.27418),767.0,目撃,R2,R2.8.27,21時30分頃,加賀市,加賀市直下町,加賀市直下町地内でクマ1頭を目撃,1,直下,1.720607002E9,5.43632263E8,36.27418,136.32804,1.0
POINT (137.02753 37.06605),769.0,目撃,R2,R2.8.28,19時30分頃,七尾市,七尾市岡町地内,小山牧場付近で体長約６０�pのクマ１頭を目撃,1,岡,1.720204004E9,5.53740723E8,37.06605,137.02753,1.0
POINT (136.42914 36.31008),771.0,目撃,R2,R2.9.2,11時10分頃,小松市,小松市那谷町,県道丸山加賀線付近にて、クマ（成獣1頭、幼獣1頭）による人身事故が発生;パトロール（市職員2名、捕獲隊1名）;登下校時のパトロール実施,1,那谷町,1.720302001E9,5.43633741E8,36.31008,136.42914,1.0
POINT (136.52254 36.33996),773.0,目撃,R2,R2.9.2,22時42分頃,小松市,小松市塩原町,国道416号線付近にて、クマ成獣1頭を目撃;パトロール（市職員2名、捕獲隊1名）;周辺を確認し痕跡なし,1,塩原町,1.720310005E9,5.43644014E8,36.33996,136.52254,1.0
POINT (136.84954 37.26823),775.0,目撃,R2,R2.9.3,14時10分頃,輪島市,輪島市門前町荒屋地内,車で主要地方道穴水・門前線を穴水から門前方面に走行中、右側斜面をクマが下りてきた。その後、右側斜面を登っていった。,1,門前,1.720409001E9,5.53676272E8,37.26823,136.84954,1.0
POINT (137.10424 37.28048),776.0,目撃,R2,R2.9.4,17時40分頃,能登町,能登町字波並地内,車を運転中、道路を横切るクマを目撃;体長は1mほどで黒い毛皮;猟友会員1名、町職員1名で現場へ向かったが、足跡などの痕跡はなかった。,1,波並,1.746304003E9,5.53770383E8,37.28048,137.10424,1.0
POINT (136.42215 36.30127),783.0,目撃,R2,R2.9.11,18時50分,小松市,小松市滝ヶ原町,八幡神社付近にて、クマ成獣1頭を目撃;パトロール（市職員2名、捕獲隊1名）;周辺を確認し痕跡あり,1,滝ケ原町,1.720302002E9,5.43633632E8,36.30127,136.42215,1.0
POINT (136.48391 36.28095),784.0,目撃,R2,R2.9.12,8時05分,小松市,小松市大杉町,レクリエーション広場付近にて、クマ幼獣1頭を目撃;パトロール（市職員1名、捕獲隊1名、警察1名）;周辺を確認し痕跡なし,1,下大杉町,1.720305007E9,5.43633384E8,36.28095,136.48391,1.0
POINT (136.772503 36.721776),790.0,目撃,R2,R2.9.14,17時40分頃,津幡町,津幡町字小熊口地内,同道路を横切る１頭を目撃,1,小熊,1.73610701E9,5.53606614E8,36.721776,136.772503,1.0
POINT (137.16839 37.34634),791.0,目撃,R2,R2.9.15,7時15分頃,能登町,能登町布浦町地内,不動寺から柳田方面へ向かう道を車で移動中、道路を横断するクマ（1m）を目撃。,1,布浦,1.746309015E9,5.63701133E8,37.34634,137.16839,1.0
POINT (136.85888 36.9886),796.0,目撃,R2,R2.9.16,17時20分頃,中能登町,中能登町花見月地内,主要地方志賀・田鶴浜線（花見月地内）で、体長約１ｍの熊１頭の目撃情報があり、山へ逃げて行った。その後、七尾警察署に通報された。,1,花見月,1.740702002E9,5.53636884E8,36.9886,136.85888,1.0
POINT (136.95625 37.10416667),800.0,目撃,R2,R2.9.18,7時50分頃,七尾市,七尾市能登島須曽町地内,主要地方道七尾能登島公園線体長約1mのクマ１頭を目撃,1,須曽,1.720217002E9,5.53657263E8,37.10416667,136.95625,1.0
POINT (136.52889 36.30038),802.0,目撃,R2,R2.9.19,6時00分頃,小松市,小松市尾小屋町,国道416号線、横山橋付近にて、クマ成獣1頭を目撃;パトロール（市職員2名、捕獲隊1名）;周辺を確認し痕跡なし,1,尾小屋町,1.720310014E9,5.43634621E8,36.30038,136.52889,1.0
POINT (136.45487 36.31669),807.0,目撃,R2,R2.9.20,11時20分,小松市,小松市西荒谷町,市道上荒屋西荒谷線付近にて、クマ幼獣1頭を目撃;パトロール（市職員1名、捕獲隊2名）;周辺を確認し痕跡なし,1,西荒谷町,1.720301071E9,5.43633861E8,36.31669,136.45487,1.0
POINT (136.48714 36.28442),809.0,目撃,R2,R2.9.20,14時00分頃,小松市,小松市大杉町,県道大杉長谷線付近にて、クマ幼獣1頭を目撃;パトロール（市職員1名、捕獲隊1名）;周辺を確認し痕跡なし,1,赤瀬町,1.720305006E9,5.43633482E8,36.28442,136.48714,1.0
POINT (136.506645 36.388581),829.0,目撃,R2,R2.9.24,5時50分,小松市,小松市正連寺町,県道金平・寺井線墓地付近にて、クマ成獣1頭を目撃;パトロール（市職員1名、捕獲隊1名）;周辺を確認し痕跡不明（足跡断定できない）,1,正蓮寺町,1.720306006E9,5.43644604E8,36.388581,136.506645,1.0
POINT (136.474998 36.392126),839.0,目撃,R2,R2.9.26,7時20分,小松市,小松市吉竹町,7時10分頃不動島町地内にて、クマ幼獣1頭を目撃、7時10分頃に若杉町、7時20分頃に吉竹町で引続き目撃;パトロール（市職員5名、捕獲隊2名、警察1台）;周辺を確認し痕跡あり,1,吉竹町,1.720301056E9,5.43643772E8,36.392126,136.474998,1.0
POINT (136.822849 36.832728),846.0,目撃,R2,R2.9.27,不明,宝達志水町,宝達志水町原地内,親子クマ　親1頭、子1頭。町道散田原線を鳥獣保護員がパトロール中にクマを目撃,2,原,1.738601013E9,5.53616954E8,36.832728,136.822849,1.0
POINT (136.437089 36.247335),849.0,目撃,R2,R2.9.28,8時30分頃,加賀市,加賀市山中温泉今立町,山中温泉今立町内でクマ1頭を目撃,1,今立,1.720620006E9,5.43623944E8,36.247335,136.437089,1.0
POINT (136.443236 36.313653),851.0,目撃,R2,R2.9.28,13時00分頃,小松市,小松市馬場町,市道上荒屋西荒谷線付近にて、クマ成獣1頭を目撃;パトロールなし（場所の特定情報無しのため）,1,馬場町,1.720301067E9,5.43633753E8,36.313653,136.443236,1.0
POINT (136.517974 36.400558),857.0,目撃,R2,R2.9.29,0時45分頃,小松市,小松市遊泉寺町,主要地方道小松・辰口線川尻橋付近にて、クマ成獣1頭幼獣1頭を目撃;パトロール（市職員1名、捕獲隊2名）;周辺を確認し痕跡あり,2,遊泉寺町,1.720309014E9,5.43644811E8,36.400558,136.517974,1.0
POINT (136.504991 36.349985),858.0,目撃,R2,R2.9.29,7時10分,小松市,小松市金平町,国道416号線出村バス停付近にて、クマ成獣1頭を目撃;パトロール（市職員2名、捕獲隊2名）;周辺を確認し痕跡あり,1,金平町,1.720306001E9,5.43644103E8,36.349985,136.504991,1.0
POINT (137.03557 37.307859),862.0,目撃,R2,R2.9.29,13時30分頃,能登町,能登町字宮地地内,鶴町から宮地へ向かう途中道路にコグマ2頭を目撃;両サイドに分かれて逃げて行った。,2,宮地,1.746302017E9,5.53770624E8,37.307859,137.03557,1.0
POINT (136.39178 36.2557),868.0,目撃,R2,R2.9.30,12時00分頃,加賀市,加賀市山中温泉四十九院町,四十九院トンネル付近でクマ1頭を目撃,1,四十九院,1.720620001E9,5.43633013E8,36.2557,136.39178,1.0
POINT (136.6473842 36.5205083),869.0,目撃,R2,R2.10.1,6時45分頃,金沢市,金沢市窪町地内,クマ1頭（1.0ｍ程度）を道路付近で目撃,1,窪町,1.720101064E9,5.43665212E8,36.5205083,136.6473842,1.0
POINT (136.522474 36.339963),877.0,目撃,R2,R2.10.2,7時10分頃,小松市,小松市波佐羅町,国道416号、塩原大橋付近にて、クマ成獣1頭を目撃;パトロール（市職員1名、捕獲隊1名、警察2台）;周辺を確認し痕跡あり,1,波佐羅町,1.720310006E9,5.43644014E8,36.339963,136.522474,1.0
POINT (136.443883 36.327836),879.0,目撃,R2,R2.10.2,17時50分頃,小松市,小松市粟津町,芝生の広場付近にて、クマ成獣1頭を目撃;パトロール（市職員2名、捕獲隊1名）;周辺を確認し痕跡なし,1,粟津町,1.720301068E9,5.43633952E8,36.327836,136.443883,1.0
POINT (136.7940861 36.5659199),883.0,目撃,R2,R2.10.3,13時00分頃,金沢市,金沢市荒山町地内,親グマ1頭、子グマ2頭を道路付近で目撃,3,荒山,1.720108019E9,5.43666734E8,36.5659199,136.7940861,1.0
POINT (136.487431 36.284628),884.0,目撃,R2,R2.10.3,16時00分頃,小松市,小松市大杉町,県道大杉・長谷線、自由広場北側付近にて、クマ成獣1頭を目撃;パトロール（市職員2名、捕獲隊2名、警察３台）;周辺を確認し痕跡あり,1,赤瀬町,1.720305006E9,5.43633482E8,36.284628,136.487431,1.0
POINT (136.6859224 36.5143785),885.0,目撃,R2,R2.10.3,16時00分頃,金沢市,金沢市末町地内,クマ1頭（1.2ｍ程度）を目撃,1,末,1.720106001E9,5.43665144E8,36.5143785,136.6859224,1.0
POINT (136.683052 36.5114252),886.0,目撃,R2,R2.10.3,21時05分頃,金沢市,金沢市蓮花町地内,小クマ1頭を県道114号線上にいるのを目撃,1,蓮花,1.720105003E9,5.43665142E8,36.5114252,136.683052,1.0
POINT (136.6868616 36.525378),890.0,目撃,R2,R2.10.4,6時00分頃,金沢市,金沢市大桑町地内,クマ1頭（1.0ｍ程度）を高区配水場前の県道114号線沿いで目撃,1,大桑,1.720101042E9,5.43665342E8,36.525378,136.6868616,1.0
POINT (136.5947375 36.4417628),901.0,目撃,R2,R2.10.5,20時15分頃,能美市,能美市旭台地内,旭台1丁目の先端大体育館駐車場から、灯台笹町の山林方面へ向かう成獣のクマ1頭を目撃,1,旭台,1.721109022E9,5.43654372E8,36.4417628,136.5947375,1.0
POINT (136.4281 36.350883),902.0,目撃,R2,R2.10.5,20時30分頃,小松市,小松市島町,島町会館付近にて、クマ成獣1頭を目撃;パトロール（市職員1名、捕獲隊1名）;周辺を確認し痕跡あり,1,島町,1.720301078E9,5.43643241E8,36.350883,136.4281,1.0
POINT (136.477252 36.391843),908.0,目撃,R2,R2.10.6,17時50分頃,小松市,小松市吉竹町,吉竹会館付近にて、クマ成獣1頭を目撃;パトロール（市職員4名、捕獲隊1名）;周辺を確認し痕跡あり,1,吉竹町,1.720301056E9,5.43643781E8,36.391843,136.477252,1.0
POINT (136.328129 36.277731),909.0,目撃,R2,R2.10.6,18時30分頃,加賀市,加賀市直下町,加賀温泉リハビリクリニック付近でクマ1頭を目撃,1,直下,1.720607002E9,5.43632361E8,36.277731,136.328129,1.0
POINT (136.477517 36.393111),916.0,目撃,R2,R2.10.7,6時08分,小松市,小松市吉竹町,吉竹東交差点付近にて、クマ成獣1頭による人身被害が発生;パトロール（市職員10名、捕獲隊6名、警察、消防）;周辺パトロール、注意喚起実施,1,吉竹町,1.720301056E9,5.43643781E8,36.393111,136.477517,1.0
POINT (136.828067 36.795633),918.0,目撃,R2,R2.10.7,8時30分頃,宝達志水町,宝達志水町原地内,宝達志水町原地内（林道宝達新宮線と林道所司原線との合流地点）でクマの親子を見たとのこと。当該地にはクリの木あり,2,原,1.738601013E9,5.53616561E8,36.795633,136.828067,1.0
POINT (136.473151 36.382104),925.0,目撃,R2,R2.10.8,6時25分,小松市,小松市千木野町,主要地方道金沢小松線、本江交差線付近にて、クマ成獣1頭を目撃;パトロール（市職員3名、捕獲隊1名）;周辺を確認し痕跡あり,1,千木野町,1.720301055E9,5.43643574E8,36.382104,136.473151,1.0
POINT (136.43286 36.305596),928.0,目撃,R2,R2.10.8,12時10分,小松市,小松市菩提町,主要地方道丸山・加賀線、墓地付近にて、クマ成獣1頭を目撃;パトロール（市職員1名、捕獲隊1名）;周辺を確認し痕跡あり,1,菩提町,1.720302003E9,5.43633644E8,36.305596,136.43286,1.0
POINT (136.5016762 36.4294342),943.0,目撃,R2,R2.10.9,6時10分頃,能美市,能美市牛島町地内,牛島町の墓苑付近で体長1mほどのクマ1頭を目撃,1,牛島,1.721103005E9,5.43654103E8,36.4294342,136.5016762,1.0
POINT (136.7779425 36.6045166),947.0,目撃,R2,R2.10.9,14時00分頃,金沢市,金沢市竹又町地内,クマ1頭を目撃,1,竹又,1.720112028E9,5.43676223E8,36.6045166,136.7779425,1.0
POINT (136.51748 36.4306003),985.0,目撃,R2,R2.10.13,3時50分頃,能美市,能美市泉台町地内,泉台町において、西側の山林（佐野町地内）へ入っていく体長1mほどのクマ1頭を目撃,1,佐野,1.721103007E9,5.43654113E8,36.4306003,136.51748,1.0
POINT (136.443997 36.327858),988.0,目撃,R2,R2.10.13,7時00分,小松市,小松市粟津町,芝生の広場付近にて、クマ成獣1頭を目撃;パトロール（市職員2名、捕獲隊3名、警察）;周辺を確認し痕跡あり,1,粟津町,1.720301068E9,5.43633952E8,36.327858,136.443997,1.0
POINT (136.5416038 36.4389601),991.0,目撃,R2,R2.10.13,17時00分頃,能美市,能美市緑が丘地内,緑が丘7丁目のリサイクルパーク付近で、体長不明のクマらしきもの1頭を目撃,1,緑が丘,1.721109023E9,5.43654233E8,36.4389601,136.5416038,1.0
POINT (136.37646 36.29444),993.0,目撃,R2,R2.10.13,21時40分頃,加賀市,加賀市山代温泉,丸山団地,1,山代温泉,1.720602001E9,5.43633501E8,36.29444,136.37646,1.0
POINT (136.3764 36.29435),995.0,目撃,R2,R2.10.14,1時50分頃,加賀市,加賀市山代温泉,丸山団地,1,山代温泉,1.720602001E9,5.43633501E8,36.29435,136.3764,1.0
POINT (136.425816 36.345869),998.0,目撃,R2,R2.10.14,6時30分,小松市,小松市下粟津町,さわ池ふれあいパーク北側付近にて、クマ成獣1頭を目撃;パトロール（市職員4名、捕獲隊1名）;周辺を確認し痕跡あり,1,下粟津町,1.720303001E9,5.43643143E8,36.345869,136.425816,1.0
POINT (136.424164 36.341448),999.0,目撃,R2,R2.10.14,6時48分,小松市,小松市下粟津町,矢田野小学校北西側付近にて、クマ成獣1頭を目撃;パトロール（市職員13名、捕獲隊4名、消防、警察）;周辺を確認し痕跡あり,1,下粟津町,1.720303001E9,5.43643034E8,36.341448,136.424164,1.0
POINT (136.6263057 36.5043137),1000.0,目撃,R2,R2.10.14,17時30分頃,金沢市,金沢市四十万町地内,クマ1頭（1.3ｍ程度）を四十万高区配水場の北側の山道で目撃,1,北四十万町,1.720103003E9,5.43665003E8,36.5043137,136.6263057,1.0
POINT (136.424993 36.337886),1010.0,目撃,R2,R2.10.15,6時35分,小松市,小松市上荒屋町,一般県道高塚・粟津線、二ツ梨インターチェンジ付近にて、クマ成獣1頭を目撃;パトロール（市職員1名、捕獲隊1名）;周辺を確認し痕跡あり,1,上荒屋町,1.720303004E9,5.43643034E8,36.337886,136.424993,1.0
POINT (136.6666035 36.5441211),1023.0,目撃,R2,R2.10.15,21時00分頃,金沢市,金沢市法島町地内,クマ1頭（1.0ｍ程度）を道路付近で目撃,1,法島町,1.720101056E9,5.43665531E8,36.5441211,136.6666035,1.0
POINT (136.874376 36.996976),1025.0,目撃,R2,R2.10.16,1時45分頃,中能登町,中能登町花見月,令和２年９月１６日（水）午前１時４５分ごろ、主要地方志賀・田鶴浜線（花見月地内）で、成獣の熊１頭の目撃情報があり、県道を横断したその後、七尾警察署に通報された。,1,花見月,1.740702002E9,5.53636994E8,36.996976,136.874376,1.0
POINT (136.9801448 37.1441405),1029.0,目撃,R2,R2.10.16,16時00分頃,七尾市,七尾市能登島曲町地内,能登島曲町地内で、体長約１ｍの熊１頭の目撃情報,1,曲,1.720216002E9,5.53657781E8,37.1441405,136.9801448,1.0
POINT (136.611078 36.393742),1033.0,目撃,R2,R2.10.16,20時45分頃,白山市,白山市河合町地内,河内町地内にあるクリの木の下でクマ（成獣１頭幼獣２頭）を目撃,3,河合,1.721024003E9,5.43644782E8,36.393742,136.611078,1.0
POINT (136.6111209 36.39375062),1036.0,目撃,R2,R2.10.17,0時30分頃,白山市,白山市河合町地内,河内町地内にあるカキの木の下でクマ（成獣１頭幼獣２頭）を目撃,3,河合,1.721024003E9,5.43644782E8,36.39375062,136.6111209,1.0
POINT (136.7562658 36.4857685),1043.0,目撃,R2,R2.10.17,11時30分頃,金沢市,金沢市湯涌町地内,クマ1頭（1.0ｍ程度）を旧白雲楼ホテル跡地付近で車で通行中に目撃,1,湯涌・湯涌荒屋,1.72010701E9,5.43656802E8,36.4857685,136.7562658,1.0
POINT (136.485755 36.394072),1057.0,目撃,R2,R2.10.18,19時30分,小松市,小松市若杉町,やわたメディカルセンター職員専用駐車場付近にて、クマ成獣1頭を目撃;パトロール（市職員1人、捕獲隊1名）;周辺を確認し痕跡なし,1,若杉町,1.720301038E9,5.43643782E8,36.394072,136.485755,1.0
POINT (136.510089 36.423444),1060.0,目撃,R2,R2.10.18,21時00分,小松市,小松市河田町,主要地方道寺畠小松線、河田町北交差点付近にて、クマ幼獣1頭を目撃;パトロール（市職員1人、捕獲隊1名）;周辺を確認し痕跡なし,1,河田館,1.720309006E9,5.43654004E8,36.423444,136.510089,1.0
POINT (136.3592302 36.30819837),1062.0,目撃,R2,R2.10.18,22時55分頃,加賀市,加賀市加茂町,加茂神社付近で1頭を目撃,1,加茂,1.720602005E9,5.43632684E8,36.30819837,136.3592302,1.0
POINT (136.350049 36.320648),1064.0,目撃,R2,R2.10.19,5時00分頃,加賀市,加賀市作見町,加賀温泉駅構内地下道付近で1頭を目撃,1,作見,1.720603004E9,5.43632881E8,36.320648,136.350049,1.0
POINT (136.6810407 36.5363967),1065.0,目撃,R2,R2.10.19,6時08分頃,金沢市,金沢市涌波2丁目地内,クマ1頭（成獣）が南小立野小学校西側の道路上にいるのを目撃,1,涌波町,1.720101047E9,5.43665441E8,36.5363967,136.6810407,1.0
POINT (136.359344 36.308225),1067.0,目撃,R2,R2.10.19,7時45分頃,加賀市,加賀市加茂町,加茂神社付近で1頭を目撃,1,加茂,1.720602005E9,5.43632684E8,36.308225,136.359344,1.0
POINT (136.352982 36.320472),1068.0,目撃,R2,R2.10.19,7時50分頃,加賀市,加賀市作見町,アビオシティ加賀で1頭を目撃,1,作見,1.720603004E9,5.43632881E8,36.320472,136.352982,1.0
POINT (136.423267 36.29497),1071.0,目撃,R2,R2.10.19,11時20分,小松市,小松市滝ヶ原町,西山丁場付近にて、クマ幼獣1頭を目撃;パトロール（市職員2人、捕獲隊1名）;周辺を確認し痕跡あり,1,滝ケ原町,1.720302002E9,5.43633532E8,36.29497,136.423267,1.0
POINT (136.5770389 36.4180121),1074.0,目撃,R2,R2.10.19,14時20分,能美市,能美市鍋谷町地内,鍋谷町ト190番地の民家でクマ1頭を目撃。その後、鍋谷川の方向へ移動,1,上区鍋谷,1.721108002E9,5.43654061E8,36.4180121,136.5770389,1.0
POINT (136.408931 36.33014),1080.0,目撃,R2,R2.10.19,18時00分,加賀市,加賀市箱宮町,箱宮町区長事務所付近で1頭を目撃,1,箱宮,1.720613003E9,5.43633924E8,36.33014,136.408931,1.0
POINT (136.5766852 36.4183197),1083.0,目撃,R2,R2.10.19,19時10分頃,能美市,能美市鍋谷町地内,鍋谷町公民館からさらに奥へ約1kmの場所にある民家の敷地で、柿の木に登る1頭を目撃,1,上区鍋谷,1.721108002E9,5.43654061E8,36.4183197,136.5766852,1.0
POINT (136.392606 36.291135),1091.0,目撃,R2,R2.10.20,17時30分頃,加賀市,加賀市横北町,横北町地内で1頭を目撃,1,横北,1.720609003E9,5.43633413E8,36.291135,136.392606,1.0
POINT (136.759131 36.5468436),1092.0,目撃,R2,R2.10.20,18時00分頃,金沢市,金沢市田島町,クマ1頭（成獣、大きさ不明）を目撃,1,田島,1.720108017E9,5.43666504E8,36.5468436,136.759131,1.0
POINT (136.462045 36.352417),1102.0,目撃,R2,R2.10.21,14時00分,小松市,小松市木場町,市道木場波佐谷線、木場ICから東側1km付近にて、クマ成獣1頭を目撃;パトロール（市職員2人、捕獲隊1名、警察）;周辺を確認し痕跡なし,1,木場町,1.720301077E9,5.43643262E8,36.352417,136.462045,1.0
POINT (136.5676618 36.4214416),1103.0,目撃,R2,R2.10.21,14時47分,能美市,能美市鍋谷町地内,鍋谷町の八幡神社付近の川沿いで、柿の木に登る体長1ｍほどのクマ1頭を目撃。,1,中央鍋谷,1.721108004E9,5.43654053E8,36.4214416,136.5676618,1.0
POINT (136.5298276 36.428055),1106.0,目撃,R2,R2.10.21,16時45分,能美市,能美市和気町地内,和気町と小松市八里台との間の星が岡牧場侵入道路付近で、星が岡牧場方面（北側山林）へ向かう体長1.5ｍほどのクマ1頭を目撃。さらに17時ごろ、星が岡牧場駐車場から北側山林へ向かう??,1,下和気,1.721108012E9,5.43654121E8,36.428055,136.5298276,1.0
POINT (136.5633386 36.4212078),1118.0,目撃,R2,R2.10.22,15時50分,能美市,能美市鍋谷町地内,鍋谷町の照善寺の敷地内で、柿の木に登るクマ1頭を目撃。その後寺北側の山林へ移動。,1,中央鍋谷,1.721108004E9,5.43654053E8,36.4212078,136.5633386,1.0
POINT (136.468659 36.402678),1126.0,目撃,R2,R2.10.23,3時40分,小松市,小松市園町,国道３６０号糸町交差点付近にて、クマ成獣1頭を目撃;パトロール（捕獲隊1名）;周辺を確認し痕跡なし,1,園町,1.720301034E9,5.43643871E8,36.402678,136.468659,1.0
POINT (136.7699783 36.64937946),1132.0,目撃,R2,R2.10.23,10時40分頃,津幡町,津幡町下中地内,津幡町下中地内の休耕田を歩くクマを目撃,1,下中,1.736105029E9,5.43676714E8,36.64937946,136.7699783,1.0
POINT (136.52847 36.328114),1135.0,目撃,R2,R2.10.23,16時00分,小松市,小松市岩上町,国道４１６号岩上新橋付近にて、クマ幼獣1頭を目撃;パトロール（市職員2人、捕獲隊1名、警察2台）;周辺を確認し痕跡なし,1,岩上町,1.720310008E9,5.43634921E8,36.328114,136.52847,1.0
POINT (136.450648 36.411484),1139.0,目撃,R2,R2.10.23,22時13分,小松市,小松市松任町,県道小松・根上線、松任町北交差点付近にて、クマ幼獣1頭を目撃;パトロール（市職員1人、捕獲隊1名、警察2台）;周辺を確認し痕跡あり,1,殿町,1.720301001E9,5.43643961E8,36.411484,136.450648,1.0
POINT (136.2635296 36.28249643),1143.0,目撃,R2,R2.10.24,7時00分,加賀市,加賀市永井町,片山津ゴルフ場西コース,1,永井,1.720605005E9,5.43632313E8,36.28249643,136.2635296,1.0
POINT (136.451742 36.408773),1145.0,目撃,R2,R2.10.24,12時30分,小松市,小松市新町,新町地内にて、JR北陸線方面へ移動するクマ幼獣1頭を目撃;パトロール（市職員、捕獲隊3名、警察）;周辺を確認し痕跡あり,1,殿町,1.720301001E9,5.43643961E8,36.408773,136.451742,1.0
POINT (136.5758894 36.4194664),1149.0,目撃,R2,R2.10.24,16時15分,能美市,能美市鍋谷町地内,鍋谷町の奥鍋谷バス停付近の柿の木にいる、体長1ｍほどのクマ1頭を目撃,1,上区鍋谷,1.721108002E9,5.43654061E8,36.4194664,136.5758894,1.0
POINT (136.785797 36.810466),1160.0,目撃,R2,R2.10.25,15時00分頃,宝達志水町,宝達志水町山崎地内,山崎地内の広域農道沿いにクマ１頭(体長不明)が歩いているのを発見。山側の方へ逃げていった,1,山崎,1.738604003E9,5.53616722E8,36.810466,136.785797,1.0
POINT (136.45117 36.414626),1162.0,目撃,R2,R2.10.25,20時25分,小松市,小松市大川町一丁目,小松市北部地区体育館付近にて、クマ幼獣1頭を目撃;パトロール（市職員3名、捕獲隊3名、警察、消防）;周辺を確認し痕跡あり,1,園町,1.720301034E9,5.43643963E8,36.414626,136.45117,1.0
POINT (136.442316 36.329999),1171.0,目撃,R2,R2.10.26,17時15分,小松市,小松市湯上町,市道粟津上荒屋線付近にて、クマ成獣1頭を目撃;パトロール（市職員2名）;周辺を確認し痕跡なし,1,湯上町,1.720303005E9,5.43633953E8,36.329999,136.442316,1.0
POINT (136.507714 36.405443),1183.0,目撃,R2,R2.10.27,14時09分,小松市,小松市荒木田町,主要地方道金沢・小松線（加賀産業開発道路）荒木田大橋付近にて、クマ成獣1頭を目撃;パトロール（市職員2名）;周辺を確認し痕跡なし,1,荒木田町,1.720308001E9,5.43644804E8,36.405443,136.507714,1.0
POINT (136.445497 36.346753),1189.0,目撃,R2,R2.10.27,18時25分,小松市,小松市津波倉町,津波倉町市営住宅北側付近にて、クマ成獣1頭を目撃;パトロール（市職員1名）;周辺を確認し痕跡なし,1,津波倉町,1.720301076E9,5.43643154E8,36.346753,136.445497,1.0
POINT (136.3743355 36.2863838),1196.0,目撃,R2,R2.10.28,6時05分,加賀市,加賀市尾俣町,アグリ加賀付近でクマ１頭を目撃,1,尾俣,1.720602003E9,5.43632492E8,36.2863838,136.3743355,1.0
POINT (136.3414703 36.2886192),1205.0,目撃,R2,R2.10.28,17時40分,加賀市,加賀市黒瀬町,ゴルフ場付近でクマ2頭を目撃,2,黒瀬,1.720608001E9,5.43632473E8,36.2886192,136.3414703,1.0
POINT (136.433338 36.304702),1211.0,目撃,R2,R2.10.29,12時20分,小松市,小松市菩提町,主要地方道丸山加賀線、墓地付近にて、クマ成獣1頭を目撃;パトロール（市職員5名、捕獲隊2名、警察）;周辺を確認し痕跡あり,1,菩提町,1.720302003E9,5.43633644E8,36.304702,136.433338,1.0
POINT (136.5545919 36.4105895),1224.0,目撃,R2,R2.10.30,16時10分,能美市,能美市仏大寺町,仏大寺町の八幡神社付近で、東側山林へ向かう子グマ1頭を目撃,1,仏大寺,1.721108001E9,5.43644941E8,36.4105895,136.5545919,1.0
POINT (136.5547948 36.4098085),1230.0,目撃,R2,R2.10.30,20時45分,能美市,能美市仏大寺町,仏大寺町の公民館裏の柿の木にいる子グマ1頭を目撃,1,仏大寺,1.721108001E9,5.43644941E8,36.4098085,136.5547948,1.0
POINT (136.43237 36.305278),1241.0,目撃,R2,R2.10.31,16時10分,小松市,小松市菩提町,主要地方道丸山加賀線、墓地付近にて、クマ成獣1頭を目撃;パトロール（警察、消防）;周辺を確認し痕跡あり,1,菩提町,1.720302003E9,5.43633644E8,36.305278,136.43237,1.0
POINT (136.748459 36.776032),1246.0,目撃,R2,R2.10.31,22時00分頃,かほく市,かほく市夏栗地内,自宅車庫の前で成獣1頭を目撃,1,夏栗,1.720902007E9,5.53615392E8,36.776032,136.748459,1.0
POINT (136.528632 36.428072),1260.0,目撃,R2,R2.11.2,16時50分,小松市,小松市八里台,県道和気・寺井線、八里台東公園付近にて、クマ成獣1頭を目撃;パトロール（警察）;周辺を確認し痕跡なし,1,上八里町,1.720309001E9,5.43654121E8,36.428072,136.528632,1.0
POINT (136.5284882 36.4280466),1262.0,目撃,R2,R2.11.2,16時50分頃,能美市,能美市和気町地内,和気町と小松市八里台との間の星が岡牧場侵入道路付近で、八里台方面（南側山林）へ向かう体長1ｍほどのクマ1頭を目撃,1,寺畠,1.721108009E9,5.43654121E8,36.4280466,136.5284882,1.0
POINT (136.650368 36.5257669),1263.0,目撃,R2,R2.11.3,7時30分頃,金沢市,金沢市山科町地内,クマ1頭（1.0ｍ程度）が柿の木に登っていた。,1,山科町,1.720101063E9,5.43665321E8,36.5257669,136.650368,1.0
POINT (136.533121 36.344449),1264.0,目撃,R2,R2.11.3,9時40分,小松市,小松市松岡町,墓地付近にて、クマ幼獣1頭を目撃;パトロール（市職員2名）;周辺を確認し痕跡あり,1,松岡町,1.720310002E9,5.43644122E8,36.344449,136.533121,1.0
POINT (136.5249505 36.4404933),1274.0,目撃,R2,R2.11.3,20時55分,能美市,能美市荒屋町地内,荒屋町の荒屋墓園付近から南側の得橋用水沿いの茂みへ向かう体長1ｍほどのクマ1頭を目撃,1,荒屋,1.721107002E9,5.43654214E8,36.4404933,136.5249505,1.0
POINT (137.007828 36.975515),1280.0,目撃,R2,R2.11.4,16時05分頃,七尾市,七尾市小川内町地内,小川内町地内で、体長約１ｍ50�pの熊１頭の目撃情報,1,小川内,1.720202006E9,5.53730702E8,36.975515,137.007828,1.0
POINT (136.6436162 36.5226982),1283.0,目撃,R2,R2.11.4,20時00分頃,金沢市,金沢市窪3丁目地内,クマ1頭（1.0ｍ程度）を道路付近で目撃,1,窪町,1.720101064E9,5.43665213E8,36.5226982,136.6436162,1.0
POINT (136.7788417 36.80965722),1289.0,目撃,R2,R2.11.5,17時00分頃,宝達志水町,宝達志水町上田地内,上田地内、宮田池付近の畑にクマ(1頭)らしきものを見たとの連絡。目撃者からは、近くの柿の枝が折れていたとの報告も受ける。,1,上田,1.738605004E9,5.53616721E8,36.80965722,136.7788417,1.0
POINT (136.6879167 36.5145497),1290.0,目撃,R2,R2.11.5,18時15分頃,金沢市,金沢市末町地内,クマ1頭（成獣）を道路付近で目撃,1,末,1.720106001E9,5.43665153E8,36.5145497,136.6879167,1.0
POINT (136.5229674 36.4363766),1295.0,目撃,R2,R2.11.6,1時30分頃,能美市,能美市湯谷町地内,湯寿園付近で、クマ1頭を目撃,1,湯谷,1.721103008E9,5.43654212E8,36.4363766,136.5229674,1.0
POINT (136.6903801 36.5142991),1296.0,目撃,R2,R2.11.6,4時30分頃,金沢市,金沢市末町地内,クマ1頭（1.0ｍ程度）を道路付近で目撃,1,末,1.720106001E9,5.43665153E8,36.5142991,136.6903801,1.0
POINT (136.3891608 36.2909823),1302.0,目撃,R2,R2.11.6,15時25分,加賀市,加賀市小坂町,(有)治下組付近でクマ１頭を目撃,1,小坂,1.720609002E9,5.43633413E8,36.2909823,136.3891608,1.0
POINT (136.5230097 36.4363772),1307.0,目撃,R2,R2.11.6,21時15分頃,能美市,能美市湯谷町地内,湯寿園裏の住宅の柿の木に登るクマ1頭を目撃,1,湯谷,1.721103008E9,5.43654212E8,36.4363772,136.5230097,1.0
POINT (136.6475151 36.5240946),1308.0,目撃,R2,R2.11.6,21時40分頃,金沢市,金沢市窪1丁目地内,クマ1頭が道路から山手に行く姿を目撃,1,窪町,1.720101064E9,5.43665214E8,36.5240946,136.6475151,1.0
POINT (136.3749176 36.2917851),1310.0,目撃,R2,R2.11.7,6時30分,加賀市,加賀市丸山町,丸山町団地内付近でクマ1頭を目撃,1,尾俣,1.720602003E9,5.43632592E8,36.2917851,136.3749176,1.0
POINT (136.4101132 36.3265341),1312.0,目撃,R2,R2.11.7,9時50分,加賀市,加賀市箱宮町,トヨペット加賀付近でクマ1頭を目撃,1,箱宮,1.720613003E9,5.43633922E8,36.3265341,136.4101132,1.0
POINT (136.4112616 36.3263094),1313.0,目撃,R2,R2.11.7,15時15分,加賀市,加賀市箱宮町,トヨペット加賀付近でクマ1頭を目撃,1,箱宮,1.720613003E9,5.43633922E8,36.3263094,136.4112616,1.0
POINT (136.4099098 36.3265514),1314.0,目撃,R2,R2.11.7,16時00分,加賀市,加賀市箱宮町,トヨペット加賀付近でクマ1頭を目撃,1,箱宮,1.720613003E9,5.43633922E8,36.3265514,136.4099098,1.0
POINT (136.7552169 36.4891705),1318.0,目撃,R2,R2.11.8,7時25分頃,金沢市,金沢市湯涌荒屋町地内,クマ1頭を目撃,1,湯涌・湯涌荒屋,1.72010701E9,5.43656803E8,36.4891705,136.7552169,1.0
POINT (136.7553561 36.4891252),1322.0,目撃,R2,R2.11.9,7時40分頃,金沢市,金沢市湯涌荒屋町地内,クマ1頭を目撃,1,湯涌・湯涌荒屋,1.72010701E9,5.43656803E8,36.4891252,136.7553561,1.0
POINT (136.7552885 36.4891316),1329.0,目撃,R2,R2.11.10,7時00分頃,金沢市,金沢市湯涌荒屋町地内,クマ1頭を目撃,1,湯涌・湯涌荒屋,1.72010701E9,5.43656803E8,36.4891316,136.7552885,1.0
POINT (136.3540176 36.272584),1334.0,目撃,R2,R2.11.10,20時30分,加賀市,加賀市山中温泉中田町,中田町公民館付近でクマ１頭を目撃,1,中田,1.720618001E9,5.43632283E8,36.272584,136.3540176,1.0
POINT (136.7552819 36.4891096),1336.0,目撃,R2,R2.11.11,6時55分頃,金沢市,金沢市湯涌荒屋町地内,クマ1頭を目撃,1,湯涌・湯涌荒屋,1.72010701E9,5.43656803E8,36.4891096,136.7552819,1.0
POINT (136.540042 36.401418),1338.0,目撃,R2,R2.11.11,16時30分,小松市,小松市鵜川町,里山みらい館付近にて、クマ成獣1頭を目撃;パトロール（警察）;周辺を確認し痕跡不明,1,鵜川町,1.720309015E9,5.43644831E8,36.401418,136.540042,1.0
POINT (136.5148416 36.4266575),1342.0,目撃,R2,R2.11.12,0時00分頃,能美市,能美市泉台町地内,東部浄化センター付近で、九谷陶芸村側の山林へ向かう成獣のクマ1頭を目撃,1,佐野,1.721103007E9,5.43654111E8,36.4266575,136.5148416,1.0
POINT (136.415582 36.332148),1352.0,目撃,R2,R2.11.13,15時15分,小松市,小松市矢田野町,(旧)世界のガラス館付近にて、クマ成獣1頭を目撃;パトロール（市職員8名、捕獲隊、警察、消防）;周辺を確認し痕跡あり,1,矢田野町,1.720303002E9,5.43633933E8,36.332148,136.415582,1.0
POINT (136.7568015 36.4883525),1354.0,目撃,R2,R2.11.13,16時45分頃,金沢市,金沢市湯涌荒屋町地内,クマ1頭（1.0ｍ程度）が福神橋をくぐり、湯涌荒屋町側の山の斜面を登って行った,1,湯涌・湯涌荒屋,1.72010701E9,5.43656804E8,36.4883525,136.7568015,1.0
POINT (136.4159529 36.3317205),1356.0,目撃,R2,R2.11.13,17時00分,加賀市,加賀市箱宮町,加賀市箱宮町地内でクマ１頭を目撃,1,箱宮,1.720613003E9,5.43633933E8,36.3317205,136.4159529,1.0
POINT (136.811013 36.674127),1359.0,目撃,R2,R2.11.14,15時30分頃,津幡町,津幡町九折,九折地内の国道8号をくぐる付近でカキの木に登る子グマを目撃。体長１ｍほど,1,九折,1.736105008E9,5.53606044E8,36.674127,136.811013,1.0
POINT (136.5225264 36.4297896),1370.0,目撃,R2,R2.11.15,18時50分頃,能美市,能美市泉台町地内,九谷焼美術館付近で、クマらしきもの1頭を目撃,1,佐野,1.721103007E9,5.43654114E8,36.4297896,136.5225264,1.0
POINT (136.6882187 36.5130177),1372.0,目撃,R2,R2.11.16,9時00分頃,金沢市,金沢市末町地内,クマ2頭（親子）が犀川を横断していた,2,末,1.720106001E9,5.43665153E8,36.5130177,136.6882187,1.0
POINT (136.7656533 36.5957962),1375.0,目撃,R2,R2.11.16,16時45分頃,金沢市,金沢市清水谷町地内,クマ1頭（1.2ｍ程度）が国道304号線脇の旧道の畑付近で目撃,1,清水谷,1.720112031E9,5.43676111E8,36.5957962,136.7656533,1.0
POINT (136.5145398 36.426794),1377.0,目撃,R2,R2.11.16,22時50分頃,能美市,能美市泉台町地内,東部浄化センター付近で、体長1mほどのクマ1頭を目撃,1,佐野,1.721103007E9,5.43654111E8,36.426794,136.5145398,1.0
POINT (136.3102184 36.329241),1378.0,目撃,R2,R2.11.17,6時30分,加賀市,加賀市高尾町,加賀市高尾町地内でクマ１頭を目撃,1,高尾,1.720611004E9,5.43632944E8,36.329241,136.3102184,1.0
POINT (136.7953017 36.644766),1384.0,目撃,R2,R2.11.17,16時50分頃,津幡町,津幡町北横根,道路を横切って線路を渡って山の中に消えるのを目撃,1,北横根,1.736105026E9,5.43676732E8,36.644766,136.7953017,1.0
POINT (136.3651866 36.3086196),1393.0,目撃,R2,R2.11.20,7時20分,加賀市,加賀市加茂町,アウパ加賀付近でクマ１頭を目撃,1,加茂,1.720602005E9,5.43632791E8,36.3086196,136.3651866,1.0
POINT (136.7338236 36.5394669),1395.0,目撃,R2,R2.11.20,16時15分頃,金沢市,金沢市戸室新保町地内,子グマ1頭を目撃,1,戸室新保,1.72010801E9,5.43665484E8,36.5394669,136.7338236,1.0
POINT (136.3517522 36.3231291),1396.0,目撃,R2,R2.11.21,5時20分,加賀市,加賀市作見町,ローソン加賀作見店付近でクマ１頭を目撃,1,作見,1.720603004E9,5.43632883E8,36.3231291,136.3517522,1.0
POINT (136.6898512 36.5129169),1397.0,目撃,R2,R2.11.21,18時00分頃,金沢市,金沢市末町地内,クマ1頭（1.2ｍ程度）が犀川に向かった,1,末,1.720106001E9,5.43665153E8,36.5129169,136.6898512,1.0
POINT (136.7998362 36.5693927),1401.0,目撃,R2,R2.11.23,6時30分頃,金沢市,金沢市砂子坂町地内,クマ2頭（親子、大きさ不明）が北へ向かった,2,砂子坂,1.72010802E9,5.43666832E8,36.5693927,136.7998362,1.0
POINT (136.3371707 36.3274231),1404.0,目撃,R2,R2.11.24,16時30分,加賀市,加賀市松が丘２丁目,八幡神社付近でクマ１頭を目撃,1,西山田,1.720603007E9,5.43632962E8,36.3274231,136.3371707,1.0
POINT (136.758071 36.5815909),1415.0,目撃,R2,R2.12.1,16時50分頃,金沢市,金沢市北方町地内,クマ1頭（1.2ｍ程度）が川沿いの柿の木に登っているのを目撃,1,北方,1.720112036E9,5.43666904E8,36.5815909,136.758071,1.0
POINT (136.3533577 36.3241613),1416.0,目撃,R2,R2.12.2,16時00分,加賀市,加賀市作見町,作見小学校付近でクマ１頭を目撃,1,作見,1.720603004E9,5.43632883E8,36.3241613,136.3533577,1.0
POINT (136.3610759 36.3194959),1424.0,目撃,R2,R2.12.16,9時30分,加賀市,加賀市弓波町,加賀市消防本部付近,1,弓波,1.720603003E9,5.43632882E8,36.3194959,136.3610759,1.0
POINT (136.43233 36.34671),1427.0,痕跡,R2,R2.5.14,,小松市,小松市下粟津町,下粟津町ロ16-4敷地内でクマの足跡あり;付近の町道で成獣、幼獣の足跡あり;市職員4名、捕獲隊1名、消防4名,,下粟津町,1.720303001E9,5.43643144E8,36.34671,136.43233,1.0
POINT (136.793 36.84838),1428.0,痕跡,R2,R2.5.19,,宝達志水町,宝達志水町荻谷地内,水田の畦にて足跡を発見,,荻谷,1.738601002E9,5.53626133E8,36.84838,136.793,1.0
POINT (136.6678468 36.5583333),1430.0,痕跡,R2,R2.6.7,,金沢市,金沢市飛梅町地内,建物付近でクマの足跡を発見,,上野本町,1.720101035E9,5.43665633E8,36.5583333,136.6678468,1.0
POINT (136.480319 36.337265),1438.0,痕跡,R2,R2.8.26,,小松市,小松市波佐谷町,三田邸裏庭から川岸の森に向かってに足跡の痕跡あり（2頭と推定される）,,波佐谷町,1.720305002E9,5.43643081E8,36.337265,136.480319,1.0
POINT (136.6332767 36.514657),1440.0,痕跡,R2,R2.8.29,,金沢市,金沢市高尾町南1丁目地内,栗の木被害,,高尾,1.720112004E9,5.43665104E8,36.514657,136.6332767,1.0
POINT (136.525702 36.336676),1454.0,痕跡,R2,R2.9.18,,小松市,小松市波佐羅町,住宅横の洗濯干し場のガラスが割れている;住宅横の道路にクマの物と思われる、嘔吐物が山の方向に点在,,波佐羅町,1.720310006E9,5.43644021E8,36.336676,136.525702,1.0
POINT (136.633472 36.5145576),1457.0,痕跡,R2,R2.9.20,,金沢市,金沢市高尾南1丁目,クリの枝折れを発見,,高尾町,1.720101065E9,5.43665104E8,36.5145576,136.633472,1.0
POINT (136.416223 36.300237),1458.0,痕跡,R2,R2.9.21,,小松市,小松市滝ケ原町,クマによる倒木（柿の木）　、栗の木被害,,滝ケ原町,1.720302002E9,5.43633631E8,36.300237,136.416223,1.0
POINT (136.527606 36.331394),1461.0,痕跡,R2,R2.9.22,,小松市,小松市観音下町,町内全体にクマによる倒木（柿の木）　、栗の木被害あり,,観音下町,1.720310007E9,5.43634923E8,36.331394,136.527606,1.0
POINT (136.6480743 36.5235776),1467.0,痕跡,R2,R2.9.23,,金沢市,金沢市窪1丁目地内,枝折れ、糞を発見,,窪町,1.720101064E9,5.43665214E8,36.5235776,136.6480743,1.0
POINT (136.6819479 36.5347612),1485.0,痕跡,R2,R2.9.29,,金沢市,金沢市大桑町地内,クマの足跡を発見,,大桑,1.720101042E9,5.43665442E8,36.5347612,136.6819479,1.0
POINT (136.763832 36.4806458),1488.0,痕跡,R2,R2.9.30,,金沢市,金沢市湯涌曲町地内,クリの木の枝が折られていた,,湯涌曲,1.720107012E9,5.43656713E8,36.4806458,136.763832,1.0
POINT (136.7921027 36.80947604),1491.0,痕跡,R2,R2.10.1,,宝達志水町,宝達志水町宝達地内,宝達区専福寺に隣接している納屋の側面がクマによって破壊されているのを、報告者が発見。;壁に残っていた爪痕を確認。クマが壁を壊して、中にあったハチの巣を捕食していたと思われ?,,宝達,1.738604004E9,5.53616731E8,36.80947604,136.7921027,1.0
POINT (136.6282058 36.507416),1496.0,痕跡,R2,R2.10.3,,金沢市,金沢市額谷町地内,糞と爪痕,,額谷町,1.720103004E9,5.43665003E8,36.507416,136.6282058,1.0
POINT (136.6871039 36.5139524),1500.0,痕跡,R2,R2.10.4,,金沢市,金沢市末町地内,柿の木が折られていた,,末,1.720106001E9,5.43665144E8,36.5139524,136.6871039,1.0
POINT (136.428311 36.311026),1507.0,痕跡,R2,R2.10.6,,小松市,小松市那谷町,柿の木、栗の木が荒らされている。,,那谷町,1.720302001E9,5.43633741E8,36.311026,136.428311,1.0
POINT (136.6883294 36.5149002),1509.0,痕跡,R2,R2.10.6,,金沢市,金沢市末町地内,カキの木被害,,末,1.720106001E9,5.43665153E8,36.5149002,136.6883294,1.0
POINT (136.6787444 36.5355053),1511.0,痕跡,R2,R2.10.6,,金沢市,金沢市大桑町地内,クマの糞を発見,,大桑,1.720101042E9,5.43665441E8,36.5355053,136.6787444,1.0
POINT (136.528795 36.331705),1517.0,痕跡,R2,R2.10.9,,小松市,小松市松岡町,柿の木に痕跡（クマの爪痕）あり,,松岡町,1.720310002E9,5.43634923E8,36.331705,136.528795,1.0
POINT (136.6879935 36.5250354),1519.0,痕跡,R2,R2.10.9,,金沢市,金沢市永安町地内,金沢市高区配水池大桑配水場の裏手付近で柿の木被害,,末,1.720106001E9,5.43665351E8,36.5250354,136.6879935,1.0
POINT (136.6706565 36.53139),1521.0,痕跡,R2,R2.10.9,,金沢市,金沢市野田町地内,クマの足跡、柿の木の枝折れを発見,,野田町,1.720101055E9,5.43665334E8,36.53139,136.6706565,1.0
POINT (136.631111 36.5107296),1523.0,痕跡,R2,R2.10.9,,金沢市,金沢市大額町地内,柿の木に爪痕被害と糞あった。,,大額町,1.720103009E9,5.43665101E8,36.5107296,136.631111,1.0
POINT (136.378525 36.282018),1528.0,痕跡,R2,R2.10.10,,加賀市,加賀市尾俣町,白山神社に痕跡を発見,,尾俣,1.720602003E9,5.43633303E8,36.282018,136.378525,1.0
POINT (136.446459 36.347584),1530.0,痕跡,R2,R2.10.12,,小松市,小松市津波倉町,弓道場窓庇破損,,津波倉町,1.720301076E9,5.43643154E8,36.347584,136.446459,1.0
POINT (136.6879507 36.5250161),1532.0,痕跡,R2,R2.10.12,,金沢市,金沢市永安町地内,柿の木被害,,末,1.720106001E9,5.43665351E8,36.5250161,136.6879507,1.0
POINT (136.6899118 36.5262125),1539.0,痕跡,R2,R2.10.13,,金沢市,金沢市土清水2丁目地内,道路付近にクマの糞を発見,,土清水町,1.720101037E9,5.43665351E8,36.5262125,136.6899118,1.0
POINT (136.3759016 36.29495146),1540.0,痕跡,R2,R2.10.13,,加賀市,加賀市山代温泉,丸山団地で痕跡を確認,,山代温泉,1.720602001E9,5.43633501E8,36.29495146,136.3759016,1.0
POINT (136.6896666 36.5148388),1546.0,痕跡,R2,R2.10.15,,金沢市,金沢市末町地内,柿の木の枝折れ、爪痕を確認,,末,1.720106001E9,5.43665153E8,36.5148388,136.6896666,1.0
POINT (136.6896129 36.5260766),1554.0,痕跡,R2,R2.10.18,,金沢市,金沢市土清水2丁目地内,糞の発見,,土清水町,1.720101037E9,5.43665351E8,36.5260766,136.6896129,1.0
POINT (136.6909274 36.5229641),1557.0,痕跡,R2,R2.10.18,,金沢市,金沢市舘山町地内,果樹被害,,舘山町,1.720101038E9,5.43665253E8,36.5229641,136.6909274,1.0
POINT (136.5208458 36.4281812),1562.0,痕跡,R2,R2.10.19,,能美市,能美市泉台町地内,九谷陶芸村内の3か所に糞,,佐野,1.721103007E9,5.43654112E8,36.4281812,136.5208458,1.0
POINT (136.5336517 36.4280153),1563.0,痕跡,R2,R2.10.19,,能美市,能美市和気町地内,和気の岩ドッグラン内に糞,,下和気,1.721108012E9,5.43654122E8,36.4280153,136.5336517,1.0
POINT (136.519234 36.393111),1568.0,痕跡,R2,R2.10.21,,小松市,小松市中海町,糞,,中海町,1.720308003E9,5.43644712E8,36.393111,136.519234,1.0
POINT (136.5224013 36.4290858),1574.0,痕跡,R2,R2.10.21,,能美市,能美市泉台町地内,民家に糞らしきものあり,,佐野,1.721103007E9,5.43654112E8,36.4290858,136.5224013,1.0
POINT (136.565764 36.4218551),1580.0,痕跡,R2,R2.10.22,,能美市,能美市鍋谷町地内,民家付近の路上に糞,,中央鍋谷,1.721108004E9,5.43654053E8,36.4218551,136.565764,1.0
POINT (136.3249241 36.30547555),1587.0,痕跡,R2,R2.10.24,,加賀市,加賀市南郷町,加賀市南郷町地内で痕跡を確認,,南郷,1.720608002E9,5.43632654E8,36.30547555,136.3249241,1.0
POINT (136.7766493 36.81364075),1590.0,痕跡,R2,R2.10.25,,宝達志水町,宝達志水町河原地内,河原地内にて、クマの足跡を発見;民家裏の畑を横切り、山の方へ向かっていった模様,,河原,1.738604002E9,5.53616723E8,36.81364075,136.7766493,1.0
POINT (136.6799828 36.513507),1595.0,痕跡,R2,R2.10.26,,金沢市,金沢市蓮花町地内,柿の木被害,,蓮花,1.720105003E9,5.43665143E8,36.513507,136.6799828,1.0
POINT (136.77305 36.84669),1608.0,痕跡,R2,R2.10.28,,宝達志水町,宝達志水町敷浪地内,敷浪地内の自宅の庭に動物の糞があるので、確認してほしい旨連絡があり、現地を確認。;結果、クマらしき糞であるものの、数日から数週間前のものであると思われる。,,敷浪,1.738602001E9,5.53626114E8,36.84669,136.77305,1.0
POINT (136.7190653 36.724562),1616.0,痕跡,R2,R2.10.29,,かほく市,かほく市鉢伏地内,クマの糞を発見。;落ちている柿が食べられていた。,,鉢伏,1.720904007E9,5.53605674E8,36.724562,136.7190653,1.0
POINT (136.7449684 36.75684772),1637.0,痕跡,R2,R2.11.6,,かほく市,かほく市余地地内,クマの足跡発見,,余地,1.720905005E9,5.53615094E8,36.75684772,136.7449684,1.0
POINT (136.533623 36.404825),1639.0,痕跡,R2,R2.11.7,,小松市,小松市鵜川町,糞,,鵜川町,1.720309015E9,5.43644824E8,36.404825,136.533623,1.0
POINT (136.77666 36.81364504),1643.0,痕跡,R2,R2.11.10,,宝達志水町,宝達志水町河原地内,河原地内にて、クマの足跡を発見;民家裏の畑を横切り、山の方へ向かっていった模様;２週間ほど前にも同箇所で足跡があり、クマの通り道になっている可能性がある。,,河原,1.738604002E9,5.53616723E8,36.81364504,136.77666,1.0
POINT (136.6869582 36.5146462),1649.0,痕跡,R2,R2.11.11,,金沢市,金沢市末町地内,柿の木被害,,末,1.720106001E9,5.43665144E8,36.5146462,136.6869582,1.0
POINT (136.6207534 36.4967561),1651.0,痕跡,R2,R2.11.11,,金沢市,金沢市南四十万1丁目地内,足跡、柿の木被害,,南四十万町,1.720103001E9,5.43654994E8,36.4967561,136.6207534,1.0
POINT (136.81394 36.9445),1652.0,痕跡,R2,R2.11.12,,羽咋市,羽咋市鹿島路町地内〜;志賀町地内の山中,羽咋市鹿島路町地内〜志賀町地内の山中でクマの爪痕、糞があるとの目撃情報があった。,,鹿島路,1.720711004E9,5.53636351E8,36.9445,136.81394,1.0
POINT (136.729803 36.678331),1654.0,痕跡,R2,R2.11.12,,津幡町,津幡町庄地内,畑でクマの足跡を確認,,庄,1.736101002E9,5.53605181E8,36.678331,136.729803,1.0
POINT (136.7805772 36.64366339),1655.0,痕跡,R2,R2.11.13,,津幡町,津幡町朝日畑,柿の木が折られ、荒らされている。クマの痕跡、足跡を確認,,朝日畑,1.736105022E9,5.43676721E8,36.64366339,136.7805772,1.0
POINT (136.875378 36.88113912),1656.0,痕跡,R2,R2.11.13,,羽咋市,羽咋市菅池町地内,痕跡を発見(爪跡、糞）,,菅池,1.720702008E9,5.53627503E8,36.88113912,136.875378,1.0
POINT (136.7627603 36.5102021),1663.0,痕跡,R2,R2.11.17,,金沢市,金沢市折谷町地内,柿の木の枝折れ,,折谷,1.720108015E9,5.43666111E8,36.5102021,136.7627603,1.0
POINT (136.3583295 36.32321706),1665.0,痕跡,R2,R2.11.18,,加賀市,加賀市作見町,加賀市作見町地内で痕跡を確認,,作見,1.720603004E9,5.43632884E8,36.32321706,136.3583295,1.0
POINT (136.781758 36.810088),1666.0,痕跡,R2,R2.11.18,,宝達志水町,宝達志水町山崎地内,山崎地内（山崎会館付近）の道路にて、クマのフンを発見,,山崎,1.738604003E9,5.53616722E8,36.810088,136.781758,1.0
POINT (136.7862045 36.64214668),1669.0,痕跡,R2,R2.11.19,,津幡町,津幡町相窪,柿の木が折られ、荒らされている。クマの痕跡、足跡を確認,,相窪,1.736105021E9,5.43676722E8,36.64214668,136.7862045,1.0
POINT (136.781801 36.810097),1674.0,痕跡,R2,R2.11.30,,宝達志水町,宝達志水町山崎地内,山崎地内（山崎会館付近）の畑にて、クマの足跡を発見,,山崎,1.738604003E9,5.53616722E8,36.810097,136.781801,1.0
POINT (136.43125 36.3125),1940.0,人身被害,R2,R2.9.2,11時10分頃,小松市,小松市那谷町地内,70歳代男性が頭長部から右上腕を負傷。県道で、付近を歩いていたところ襲われた。,成獣１頭,那谷町,1.720302001E9,5.43633743E8,36.3125,136.43125,1.0
POINT (136.43125 36.3125),1941.0,人身被害,R2,R2.10.7,6 時08分頃,小松市,小松市吉竹町地内,70歳代女性が左顔面、胸部、背部、目を負傷。自宅前で襲われた。,成獣１頭,吉竹町,1.720301056E9,5.43633743E8,36.3125,136.43125,1.0
POINT (136.32804 36.27418),767.0,目撃,R2,R2.8.27,21時30分頃,加賀市,加賀市直下町,加賀市直下町地内でクマ1頭を目撃,1,直下,1.720607002E9,5.43632263E8,36.27418,136.32804,1.0
POINT (136.328129 36.277731),909.0,目撃,R2,R2.10.6,18時30分頃,加賀市,加賀市直下町,加賀温泉リハビリクリニック付近でクマ1頭を目撃,1,直下,1.720607002E9,5.43632361E8,36.277731,136.328129,1.0
POINT (136.320365 36.2811383),1167.0,目撃,R2,R2.10.26,11時45分,加賀市,加賀市曽宇町,ウッディ三谷付近でクマ1頭を目撃,1,曽宇,1.720607003E9,5.43632354E8,36.2811383,136.320365,1.0
POINT (136.3208746 36.2823983),1168.0,目撃,R2,R2.10.26,14時30分,加賀市,加賀市曽宇町,加賀市曽宇町地内でクマ１頭を目撃,1,曽宇,1.720607003E9,5.43632354E8,36.2823983,136.3208746,1.0
POINT (136.7727923 36.80147428),1672.0,痕跡,R2,R2.11.25,,宝達志水町,宝達志水町中野地内,中野地内（旧農業短期大学付属農場付近）の畑の柿の木にて、クマの爪痕を発見,,中野,1.738605003E9,5.53616612E8,36.80147428,136.7727923,1.0
POINT (136.77062 36.79988),847.0,目撃,R2,R2.9.28,6時00分頃,宝達志水町,宝達志水町正友地内,元農業短期大学付属農場付近で1頭（1m）クマを目撃。山の方へ走っていった。,1,正友,1.738603006E9,5.53616514E8,36.79988,136.77062,1.0
POINT (136.7685557 36.79463745),1012.0,目撃,R2,R2.10.15,7時30分頃,宝達志水町,宝達志水町紺屋町地内,紺屋町地内にて、子グマ１頭（50�p）を目撃;親グマの目撃はなし。川沿いを山へ向かって走って行った,1,紺屋町,1.738603007E9,5.53616511E8,36.79463745,136.7685557,1.0
POINT (136.5755167 36.4828786),1165.0,目撃,R2,R2.10.26,10時00分頃,白山市,白山市八束穂一丁目・向島町地内,八束穂一丁目地内にある金沢信用金庫周辺でクマ１頭を目撃;向島町地内にある道路及び向島橋下でクマ１頭目撃,1,向島,1.721013011E9,5.43654763E8,36.4828786,136.5755167,1.0
POINT (136.5795601 36.4806259),1166.0,目撃,R2,,,白山市,,,,向島,1.721013011E9,5.43654763E8,36.4806259,136.5795601,1.0
POINT (136.623616 36.459932),1253.0,目撃,R2,R2.11.1,19時53分頃,白山市,白山市月橋町地内,月橋町地内でクマ１頭を目撃,1,月橋町,1.721020001E9,5.43654592E8,36.459932,136.623616,1.0
POINT (136.62752 36.41579),590.0,目撃,R2,R2.5.25,8時19分頃,白山市,白山市広瀬町地内,広瀬町地内の山際の農道でクマを目撃,1,広瀬,1.721024001E9,5.43645903E8,36.41579,136.62752,1.0
POINT (136.429977 36.359145),1575.0,痕跡,R2,R2.10.22,,小松市,小松市符津町,足跡、柿の木食痕,,符津みのわ町,1.720301079E9,5.43643341E8,36.359145,136.429977,1.0
